userid,employer_number,creation_date,username,pwd,lvl,recbegindate
1,670155,2022-08-24,bsackes0,zqAa66We,Medior,2022-08-24
2,795298,2018-03-03,nbottell1,GPdggh1,Senior,2018-03-03
3,421175,2020-12-09,nkearey2,p11fRwfP2SoM,Medior,2020-12-09
4,615640,2021-07-21,lpurkins3,9pnZSNLs,Intern,2021-07-21
5,158101,2021-03-29,bbassill4,lwnCr5RtfG,Junior,2021-03-29
6,704414,2020-11-05,cphebee5,2X3h88kHi,Intern,2020-11-05
7,142642,2021-06-18,mworsham6,b9HapGRrg2,Junior,2021-06-18
8,628537,2021-04-06,asidery7,,Medior,2021-04-06
9,354921,2019-01-04,fkleszinski8,Am4MbD1Cx,Senior,2019-01-04
10,171911,2018-06-30,achatteris9,W24dMI,Medior,2018-06-30
11,814374,2022-03-02,spenticoota,SCfntBo6E2AC,Medior,2022-03-02
12,556096,2022-01-11,jgosnellb,PXn5oO,Intern,2022-01-11
13,377011,2020-06-09,rfaulksc,oFIaA1,Medior,2020-06-09
14,844588,2019-06-09,rsindled,Z9zS4jG,Junior,2019-06-09
15,676512,2019-08-03,mwriste,1sujUot2MvLN,Junior,2019-08-03
16,574388,2021-06-08,klorrainef,69UyFfjscD,Medior,2021-06-08
17,435418,2022-08-21,ngarriqueg,mlvco5ki3Q,Intern,2022-08-21
18,108249,2021-02-23,eoliverash,DszQAMnUt,Junior,2021-02-23
19,308973,2018-11-02,hcarwardinei,Z5uB6t6Lq3,Junior,2018-11-02
20,488087,2022-05-02,smctaguej,,Senior,2022-05-02
21,883213,2020-12-08,kkaliszewskik,nv5L3B,Intern,2020-12-08
22,403362,2020-02-27,jhuckfieldl,UELXlG8RRdDP,Intern,2020-02-27
23,562951,2022-01-30,tmulcahym,vC9VDk,Senior,2022-01-30
24,913980,2018-10-10,gmacinnesn,UCIPvxtGqp,Intern,2018-10-10
25,689601,2020-05-09,amccrumo,YGVFjqyLfa1A,Senior,2020-05-09
26,222597,2022-08-26,reayrsp,,Junior,2022-08-26
27,789203,2021-07-12,rwalklottq,ZFzCq5vJg94W,Intern,2021-07-12
28,926881,2020-02-02,cellulr,tmXgYlXFGqUm,Junior,2020-02-02
29,253280,2018-06-02,tlivards,cvqXxchtII,Junior,2018-06-02
30,400579,2018-08-11,cgilstount,jRpIE6i,Medior,2018-08-11
31,367041,2020-10-27,jshepherdsonu,2w4ybKB34L1d,Junior,2020-10-27
32,779625,2022-06-17,rsnoddinv,BFTb60cSn,Senior,2022-06-17
33,157555,2022-08-10,sreinw,,Senior,2022-08-10
34,939788,2022-03-08,edowyerx,sLBKmXAB8,Senior,2022-03-08
35,835176,2018-11-05,cbabiny,T4ACmlHCvgud,Intern,2018-11-05
36,560662,2020-12-18,mlindemanz,,Medior,2020-12-18
37,284020,2019-09-26,lpetrecz10,p3x7HpEjNbz,Senior,2019-09-26
38,131911,2019-06-11,jgoble11,SRfCX4,Intern,2019-06-11
39,926742,2021-10-09,kbattista12,242TDlXrC,Junior,2021-10-09
40,617804,2020-09-11,bprovost13,fCv0aXNbd,Medior,2020-09-11
41,482931,2018-02-25,gclementson14,khYk0g,Senior,2018-02-25
42,714916,2019-09-25,cposnett15,OmBXMm,Intern,2019-09-25
43,263819,2019-05-26,jvlahos16,CrvLe8,Junior,2019-05-26
44,238761,2020-02-17,cmurrum17,Spqzjevt,Senior,2020-02-17
45,732396,2019-07-13,jpolfer18,ALsG7F,Junior,2019-07-13
46,211132,2018-08-28,emoult19,7JSI9Ds8o,Intern,2018-08-28
47,870629,2021-12-19,kmorilla1a,QvdoMSb,Intern,2021-12-19
48,943108,2019-01-12,gleppingwell1b,JoZjZc,Intern,2019-01-12
49,815706,2021-10-16,gdenyukin1c,B2OGLQMP8,Junior,2021-10-16
50,604060,2022-08-15,qgrishaev1d,PnnQTVbjRcj,Intern,2022-08-15
51,471313,2018-05-09,jisakovitch1e,sL04nvoR3n,Junior,2018-05-09
52,709056,2018-06-01,brobun1f,tnYixVv,Senior,2018-06-01
53,334480,2020-03-18,ngriffoen1g,NRy3IhuUmh,Medior,2020-03-18
54,303357,2019-04-14,lgallo1h,5LZPh7Mu,Junior,2019-04-14
55,132427,2020-06-30,lkibbel1i,9o8DteFMNVb8,Intern,2020-06-30
56,431118,2022-07-31,imccreagh1j,oZseox78j8kc,Intern,2022-07-31
57,436002,2019-11-12,sminards1k,n0vOJ4,Medior,2019-11-12
58,270740,2019-10-28,sidwalevans1l,I9oGqh,Senior,2019-10-28
59,486172,2020-10-04,bharris1m,msC04OY,Medior,2020-10-04
60,709418,2021-12-10,tkohtler1n,sFeJjijlM,Intern,2021-12-10
61,569481,2018-11-16,imackaile1o,olk3SKIVj,Intern,2018-11-16
62,483894,2021-07-25,dlovell1p,,Medior,2021-07-25
63,381035,2018-12-11,biczokvitz1q,BQYXLO,Junior,2018-12-11
64,749614,2018-07-10,cshurlock1r,H2DcT3D,Medior,2018-07-10
65,380113,2021-03-04,ghamsher1s,G1H91pnb55qn,Junior,2021-03-04
66,259348,2022-02-15,sgarforth1t,XomgyyBS,Senior,2022-02-15
67,315010,2020-09-07,lbeedle1u,3XhQYP6udl,Junior,2020-09-07
68,925359,2018-07-18,egrahlmans1v,Bosl3JTY,Intern,2018-07-18
69,851075,2019-02-19,fnarrie1w,s5GWt8TOimp,Junior,2019-02-19
70,169268,2019-01-26,ifleisch1x,Rxdv70K0f8e,Medior,2019-01-26
71,329041,2020-11-01,gwiddicombe1y,JPOAAU6QsucI,Medior,2020-11-01
72,491516,2019-02-08,tlear1z,W3HH3LguA,Intern,2019-02-08
73,161188,2019-01-06,slancetter20,3jkarmxIn,Junior,2019-01-06
74,524703,2018-01-19,tsleeny21,13sba03,Junior,2018-01-19
75,954595,2019-08-30,lalty22,FGgeIa8C5,Medior,2019-08-30
76,652204,2022-01-24,treddan23,g5PyMJmX,Intern,2022-01-24
77,401504,2020-10-15,ksayce24,,Junior,2020-10-15
78,514618,2020-11-09,ckippins25,if0MKfjI2RK,Medior,2020-11-09
79,651059,2019-01-15,weverest26,8LYWoE,Medior,2019-01-15
80,745410,2022-07-01,bdeath27,hpJqkQ,Senior,2022-07-01
81,451182,2018-01-19,fbutchers28,96PeC7cd2yK1,Senior,2018-01-19
82,826972,2018-06-28,abrazil29,,Junior,2018-06-28
83,406128,2022-01-04,gjewitt2a,5JJfqLLq9It,Intern,2022-01-04
84,814414,2020-09-18,dbispham2b,oxtDVhVkwrw,Senior,2020-09-18
85,788228,2022-01-05,mmaestrini2c,asZAMj8M,Junior,2022-01-05
86,513980,2018-10-17,mjanosevic2d,Jx8HZQ5djr,Medior,2018-10-17
87,320494,2020-06-20,dmcrill2e,H2fT6W,Intern,2020-06-20
88,212948,2021-03-10,rmelarkey2f,2DGqH7xPJ1Z,Junior,2021-03-10
89,562807,2020-01-08,zmclay2g,FzbYUzi9qbPY,Intern,2020-01-08
90,192692,2019-01-04,kroland2h,xsXXmtOQ,Medior,2019-01-04
91,253493,2020-08-01,fvankov2i,D9kM853T,Intern,2020-08-01
92,371693,2020-08-09,dgilbride2j,tKdZSpNp08ci,Junior,2020-08-09
93,696136,2021-07-26,mpiatti2k,dcqfaZ2Mg7,Medior,2021-07-26
94,157296,2022-06-19,rwilliment2l,IqNuLpY0QTP,Intern,2022-06-19
95,579968,2020-03-15,ppetett2m,KVnuuwmNpYP7,Junior,2020-03-15
96,632278,2020-06-02,rnorcott2n,MhqBJnb45,Intern,2020-06-02
97,918172,2020-06-14,aeldritt2o,,Medior,2020-06-14
98,314713,2022-08-14,mkilliner2p,wOnvasa,Intern,2022-08-14
99,200263,2022-07-04,ovallens2q,vugzpb,Senior,2022-07-04
100,686210,2019-11-22,pfurness2r,HOZVfic1dDS,Intern,2019-11-22
101,500903,2018-01-01,mgeraghty2s,5OLUhlz9,Junior,2018-01-01
102,498658,2018-08-11,imcclifferty2t,4oGpLdWucTf,Junior,2018-08-11
103,758632,2018-12-26,ccoker2u,wze7wJioKuGZ,Junior,2018-12-26
104,945122,2018-03-13,cstefanovic2v,hcumz76au2H,Junior,2018-03-13
105,879341,2018-01-21,rbenkin2w,kl21AhA,Senior,2018-01-21
106,277376,2022-05-17,gpooly2x,SQAvSCNkQ,Intern,2022-05-17
107,285740,2020-10-21,pmccluskey2y,GHLCmgqmw,Junior,2020-10-21
108,866236,2021-04-30,spinckney2z,1XGbEk8C72,Intern,2021-04-30
109,543202,2020-08-24,cguidi30,kAxv4P9hYcN0,Junior,2020-08-24
110,204822,2019-10-29,dgoolding31,WjbFpqJ78,Junior,2019-10-29
111,890081,2021-12-24,rcossum32,vXZYlF,Senior,2021-12-24
112,534681,2018-08-28,rjefferies33,iMv8Kw,Medior,2018-08-28
113,945881,2018-05-24,rbachelor34,wZSOHFBM,Junior,2018-05-24
114,246162,2021-02-16,lsallter35,NWvkKdyfr,Intern,2021-02-16
115,886225,2020-07-27,pcabrera36,0UGBbY8,Intern,2020-07-27
116,220624,2020-02-28,lbennen37,VUaSRMGHlqH,Intern,2020-02-28
117,661724,2021-01-17,tdunkinson38,4C1ObA,Intern,2021-01-17
118,972150,2020-02-29,bpendell39,X2VZCr,Medior,2020-02-29
119,415309,2019-09-02,mgilbanks3a,MiGntlej,Medior,2019-09-02
120,668096,2019-05-23,mclemanceau3b,DxXSug6,Intern,2019-05-23
121,181652,2021-07-20,ditskovitz3c,1kRLrRxU,Medior,2021-07-20
122,457582,2022-08-13,sasbery3d,OqtaryAs,Junior,2022-08-13
123,867340,2020-08-09,pbilbrook3e,ye8K74vNu,Intern,2020-08-09
124,429623,2020-03-21,crenehan3f,8K86OVcKZG,Intern,2020-03-21
125,837426,2018-03-23,fhorribine3g,jHSYUu,Medior,2018-03-23
126,296188,2019-10-31,hedgecombe3h,Qm06BEWkv,Medior,2019-10-31
127,662726,2021-02-26,fdennistoun3i,Qb1lHNa,Senior,2021-02-26
128,413535,2019-07-28,cduddle3j,mhKOF5edu,Medior,2019-07-28
129,177245,2020-06-16,hweyland3k,n4Z6nK6RGquy,Medior,2020-06-16
130,712850,2019-05-16,ggorini3l,Llr004,Junior,2019-05-16
131,533527,2018-12-11,arowcliffe3m,aRuAAPX,Intern,2018-12-11
132,761509,2019-09-22,szohrer3n,4dPXDCjL,Junior,2019-09-22
133,156514,2019-02-22,eberrey3o,epKNazcvQ,Medior,2019-02-22
134,580561,2022-02-22,enairne3p,Yu7eBwO,Junior,2022-02-22
135,713898,2020-03-24,cmullender3q,hNcFeZUwt,Medior,2020-03-24
136,134911,2018-03-30,msweet3r,cbqS5VL,Junior,2018-03-30
137,777104,2021-03-05,eblinco3s,MKaS4pwu,Intern,2021-03-05
138,285828,2021-10-02,egaddie3t,NKhYQ2H,Junior,2021-10-02
139,995421,2018-11-22,mcubberley3u,Qjcv6JuixUH,Junior,2018-11-22
140,693780,2022-02-26,jvaleri3v,5Z6KhFwWPXdQ,Senior,2022-02-26
141,699557,2022-07-23,nturneaux3w,1AH5rwR,Senior,2022-07-23
142,542843,2019-11-11,dgallgher3x,W5NHXQiUy8DH,Intern,2019-11-11
143,212485,2019-12-05,spocklington3y,IyeqR61Vjsoj,Senior,2019-12-05
144,694352,2019-01-28,ckatt3z,Us1QPAv6F7R,Senior,2019-01-28
145,862446,2018-10-20,egouldbourn40,8Rok8yaq0FR,Junior,2018-10-20
146,122846,2018-03-14,dmusgrove41,mUeU9yX5,Junior,2018-03-14
147,970855,2020-06-12,bpennuzzi42,tZu9wuGNoS,Junior,2020-06-12
148,381081,2021-07-19,aarnoldi43,YP7kZG81Vv6,Medior,2021-07-19
149,296411,2019-12-12,cmcreath44,NTKbHlmNL,Intern,2019-12-12
150,911137,2020-08-20,shallagan45,tjYDJf,Intern,2020-08-20
151,622974,2019-11-05,lzukerman46,X1qddoP3Sf,Senior,2019-11-05
152,395622,2019-04-23,mklammt47,haSC2m,Intern,2019-04-23
153,617904,2022-05-06,bminigo48,eZiURoyE,Medior,2022-05-06
154,887738,2020-06-18,fbalaison49,XQETLshl,Intern,2020-06-18
155,793585,2021-04-12,csich4a,tsYceYXP,Junior,2021-04-12
156,840489,2022-04-03,ltrengove4b,Os6au6,Intern,2022-04-03
157,157095,2020-08-29,fdahlbom4c,EMySOOk1K2KQ,Junior,2020-08-29
158,522360,2021-02-18,ngirardi4d,Qic0phpy1,Junior,2021-02-18
159,243759,2021-07-01,panderl4e,feDiJubjjZ6t,Junior,2021-07-01
160,985267,2019-04-27,jstraughan4f,jdGpNmlGg,Medior,2019-04-27
161,835237,2021-04-15,nschoenrock4g,ofwv3uCvaEx,Intern,2021-04-15
162,643545,2020-02-14,hrochford4h,1ERMCJdkL8m,Medior,2020-02-14
163,184930,2020-12-03,mweinham4i,Pkwey6fWPJ,Medior,2020-12-03
164,520252,2020-02-02,odrynan4j,Q4TnEaIl,Junior,2020-02-02
165,619312,2019-02-26,cstockill4k,h6fEPLG4,Intern,2019-02-26
166,192999,2020-07-05,emacnelly4l,aPM9RmcaS5,Senior,2020-07-05
167,537757,2021-01-31,scollymore4m,Kr7ka9VI4gs,Intern,2021-01-31
168,958515,2021-04-14,carnoldi4n,RF0FYJqarei,Junior,2021-04-14
169,700494,2019-01-23,lhamp4o,KXiNQRTyO,Senior,2019-01-23
170,753774,2020-12-12,bchester4p,p9Immn,Senior,2020-12-12
171,116969,2020-05-22,pvittore4q,3w41nw88,Intern,2020-05-22
172,649806,2020-10-02,mblazi4r,XM2BjN,Medior,2020-10-02
173,886060,2020-06-20,mlokier4s,j27ZetqhMnyO,Junior,2020-06-20
174,591182,2018-07-16,celrick4t,WgdQFpt7Ead,Medior,2018-07-16
175,799361,2022-08-08,gkenningley4u,UwwMoyKKac,Intern,2022-08-08
176,864588,2019-09-07,sdinapoli4v,BGiWxoE,Intern,2019-09-07
177,857485,2018-02-13,cpaoli4w,ffSXhJskSS5,Senior,2018-02-13
178,124709,2021-04-12,gjaumet4x,gwzKFO9hkoB,Junior,2021-04-12
179,549643,2020-10-16,tbaff4y,fh09zOF,Medior,2020-10-16
180,941315,2018-04-23,mdoxey4z,yig2Pu0gj,Senior,2018-04-23
181,573815,2019-03-07,cjaszczak50,ElJyE2QJQZ,Medior,2019-03-07
182,475424,2019-08-17,knayer51,QU0MauBTj,Medior,2019-08-17
183,297757,2018-05-25,lpiegrome52,INeagym,Senior,2018-05-25
184,127897,2019-01-14,eallnatt53,NlW0F9gAB,Senior,2019-01-14
185,878929,2022-02-21,lhiggonet54,8pJ2eb1T8r,Intern,2022-02-21
186,635714,2021-12-22,kdunhill55,,Medior,2021-12-22
187,965349,2019-09-25,hskeemer56,,Medior,2019-09-25
188,564000,2021-02-14,kcartlidge57,XaMc5VGZ21,Senior,2021-02-14
189,617688,2020-10-26,mcaven58,IK030t6SzD,Medior,2020-10-26
190,813857,2021-04-07,ljemmett59,,Junior,2021-04-07
191,219557,2021-07-30,cwillwood5a,C6eaWR,Intern,2021-07-30
192,312698,2022-04-13,rgaylard5b,TJMy1LP,Intern,2022-04-13
193,957448,2018-05-11,tglewe5c,zKicUuCjW,Medior,2018-05-11
194,170047,2019-08-21,ezanazzi5d,rVYf22XIxn,Medior,2019-08-21
195,700325,2019-06-02,gvobes5e,qjxy1ame,Medior,2019-06-02
196,403377,2022-08-11,jslyford5f,2kpCwxl,Intern,2022-08-11
197,368249,2021-03-07,hdelafoy5g,Z0ddZGwSQfNh,Intern,2021-03-07
198,915962,2021-05-07,msopp5h,0lqlfkg,Intern,2021-05-07
199,811786,2021-02-23,kcastelletti5i,,Medior,2021-02-23
200,560692,2020-04-03,abelfrage5j,I2zVUrJP,Intern,2020-04-03
201,347049,2020-07-03,dmargarson5k,xel16HeeMq,Intern,2020-07-03
202,688186,2019-03-17,etreswell5l,HPaym8Mf9,Junior,2019-03-17
203,284663,2022-01-12,lfarrall5m,71omwD8f,Junior,2022-01-12
204,585795,2021-07-20,serbain5n,641RbwHxbg,Senior,2021-07-20
205,453528,2022-06-15,mlackey5o,,Senior,2022-06-15
206,592886,2021-09-08,jtolomio5p,uvELCHn,Medior,2021-09-08
207,149967,2021-11-27,bmckellar5q,ETq16YDpjU,Junior,2021-11-27
208,852163,2019-07-02,ncrampsy5r,oQUKDt,Intern,2019-07-02
209,705987,2019-12-22,csteuhlmeyer5s,CbN1tLQedJ,Junior,2019-12-22
210,271096,2018-12-28,mgerb5t,098DOkwxu,Intern,2018-12-28
211,591483,2021-03-03,lfoard5u,Tk8MpZ25,Junior,2021-03-03
212,323180,2022-08-29,smccaughan5v,nyanHp,Medior,2022-08-29
213,661921,2021-01-23,fblewett5w,,Medior,2021-01-23
214,399405,2019-09-24,gasee5x,6dq36lS,Senior,2019-09-24
215,619405,2021-04-07,adepero5y,,Junior,2021-04-07
216,837678,2020-11-18,cfoskett5z,jcsdCCY75pY,Junior,2020-11-18
217,337504,2020-03-29,jwilcock60,WtmOTA,Junior,2020-03-29
218,157702,2019-06-29,emollon61,gyedpaLhIG3,Medior,2019-06-29
219,257707,2019-06-25,sbengle62,FFdfmmcSYX,Medior,2019-06-25
220,975870,2021-12-13,cbowlesworth63,SexhQFvS7s,Intern,2021-12-13
221,491078,2021-09-24,kwitts64,pm4dPuJwwMYS,Junior,2021-09-24
222,476376,2020-07-13,glincey65,kjhf6H3,Medior,2020-07-13
223,325654,2020-03-30,pbriddle66,Lc8zJDlm,Junior,2020-03-30
224,671836,2021-09-20,alittle67,b9ULqQCsbaP,Junior,2021-09-20
225,189793,2021-10-24,wast68,zhmytDM4H,Medior,2021-10-24
226,999637,2020-09-08,acaslake69,,Junior,2020-09-08
227,565350,2019-05-04,tconring6a,Q9ncY8tUX87l,Medior,2019-05-04
228,518073,2022-03-05,earents6b,sqYqWpNtNJ,Senior,2022-03-05
229,124000,2020-03-31,dtabourin6c,UQrEws,Medior,2020-03-31
230,828423,2021-09-02,kwildbore6d,SBsEWxF4o,Senior,2021-09-02
231,782230,2018-04-11,jtuke6e,0ZVzC6hEGYZy,Intern,2018-04-11
232,668993,2019-08-18,csinnott6f,TsAcTx3IUQD,Senior,2019-08-18
233,640830,2021-09-24,ctezure6g,Hb03bzzAa,Intern,2021-09-24
234,748845,2019-08-05,smannin6h,OSlFCmvPsTN,Medior,2019-08-05
235,850771,2022-04-19,rlichtfoth6i,iv14r5VI,Medior,2022-04-19
236,367515,2020-12-16,zseiler6j,qKxVoXF,Intern,2020-12-16
237,528933,2020-12-18,vwelman6k,vZeIsh,Medior,2020-12-18
238,415265,2018-01-12,dmatuszyk6l,Sz8dgo,Junior,2018-01-12
239,390963,2019-11-19,twinterbottom6m,MKv2bRwt1,Senior,2019-11-19
240,847658,2020-01-19,ofeige6n,FrZp5Nt,Junior,2020-01-19
241,120541,2020-09-18,bstrevens6o,KOHFol9xW8,Junior,2020-09-18
242,447822,2018-08-10,cmillom6p,7v8G1lVNZG,Junior,2018-08-10
243,432999,2020-06-10,oenns6q,YCuu6vr7PzDr,Senior,2020-06-10
244,819429,2022-07-01,thoudmont6r,exC5utgG0,Senior,2022-07-01
245,552717,2019-11-28,kerswell6s,tpLfFTdMr,Intern,2019-11-28
246,215971,2021-07-01,rkunkel6t,culXvNhNYp,Junior,2021-07-01
247,837949,2021-07-11,rtunney6u,iPyq7FrNTbu,Junior,2021-07-11
248,858693,2020-03-20,rmartinho6v,0M1O3qe,Medior,2020-03-20
249,959432,2020-12-30,kmagor6w,6ohGYllfO,Junior,2020-12-30
250,219158,2018-02-14,hshowt6x,iBOcGPcX,Medior,2018-02-14
251,399397,2020-11-26,nlagneaux6y,D7i0RGUm8,Junior,2020-11-26
252,736976,2022-08-06,kmiddlehurst6z,0fNSv3pKAR,Junior,2022-08-06
253,912155,2022-07-04,jdanielou70,wCvXD1,Intern,2022-07-04
254,955988,2020-08-17,mmacgilmartin71,XnjOLoUnP,Medior,2020-08-17
255,992222,2018-03-13,lfowley72,bIikidTDVwYh,Junior,2018-03-13
256,391544,2020-03-06,briddock73,hPgb7SCWJxr,Intern,2020-03-06
257,669684,2018-03-17,hgasgarth74,lG0p9dRDP44,Intern,2018-03-17
258,891202,2020-04-08,adomm75,TrrNuRJL,Intern,2020-04-08
259,408121,2019-04-14,aworpole76,U7Zd4FH8X9k,Senior,2019-04-14
260,105427,2022-01-15,sfernando77,icTyuUMEq,Senior,2022-01-15
261,183465,2018-03-26,karnett78,FkFJoTctGOfC,Medior,2018-03-26
262,686926,2022-03-22,ecrighton79,rbbqQ8SNOUJ,Intern,2022-03-22
263,475617,2020-06-25,cwille7a,9FmMRkCUYQJj,Junior,2020-06-25
264,630758,2021-02-25,rskoyles7b,mLR1fiG,Medior,2021-02-25
265,893480,2019-08-30,ufurmagier7c,fHWuleQn,Junior,2019-08-30
266,188016,2021-01-03,wjerg7d,acr9pHNypRA,Senior,2021-01-03
267,824114,2021-07-17,pbasinigazzi7e,mGYWO1gGM,Senior,2021-07-17
268,904482,2022-02-01,bhallowell7f,,Junior,2022-02-01
269,145528,2021-06-04,bgoundsy7g,SPSVew0ZR,Intern,2021-06-04
270,628915,2019-04-28,rbeaudry7h,GnMNE5SSGz5,Medior,2019-04-28
271,345828,2019-08-08,sheavens7i,A0kfddz,Medior,2019-08-08
272,150103,2019-10-18,gbrookzie7j,qt0Rn7i8s3,Senior,2019-10-18
273,118788,2020-09-30,mdedmam7k,bJhaZVeEar,Junior,2020-09-30
274,678770,2018-10-11,jsherington7l,BDYEIc1,Junior,2018-10-11
275,120698,2019-04-10,lholdin7m,LjH8Vm,Junior,2019-04-10
276,891914,2019-06-15,jwethers7n,7KCuOwtzIDj5,Senior,2019-06-15
277,769740,2019-11-29,eantoni7o,rhRBhkhtNVY7,Intern,2019-11-29
278,242065,2020-12-22,lelion7p,yOp7hh7GnpB,Medior,2020-12-22
279,239971,2019-03-16,tgooch7q,HA3e2MHQ0,Intern,2019-03-16
280,454425,2019-02-07,oartus7r,TKcUwctxIX,Junior,2019-02-07
281,872397,2019-08-13,hkinnie7s,CtqxgCfF,Intern,2019-08-13
282,608563,2020-09-25,idameisele7t,HhlCI9CJDEgj,Senior,2020-09-25
283,464321,2018-09-17,msetchfield7u,,Senior,2018-09-17
284,571005,2020-02-24,alongstreet7v,xtnp8x,Intern,2020-02-24
285,488537,2018-02-16,lenderwick7w,NVCBrMGgRgvS,Junior,2018-02-16
286,851542,2019-02-20,ericharson7x,q5uwbtWIo6,Intern,2019-02-20
287,107045,2020-09-13,rmadders7y,J5aKPc5t,Junior,2020-09-13
288,812297,2020-07-16,tbackhurst7z,8ZhEVjGE92oB,Medior,2020-07-16
289,980430,2019-06-03,dcammis80,NuiEXNAI,Medior,2019-06-03
290,178895,2019-02-12,tfrosdick81,rW6sOR,Medior,2019-02-12
291,126527,2018-02-07,tsoldi82,RahC5x7,Senior,2018-02-07
292,496570,2022-08-15,rfarahar83,Ipj2P6LLJ8YX,Medior,2022-08-15
293,113954,2018-12-26,wfollis84,UhXz7ZJO,Intern,2018-12-26
294,443404,2021-12-08,lcraw85,QMWkJ5NAng2,Medior,2021-12-08
295,354933,2018-01-19,gmort86,sdQLJE,Senior,2018-01-19
296,465964,2018-01-15,fpealing87,B6fV2W95vtQ,Intern,2018-01-15
297,210096,2021-08-11,ablesli88,,Medior,2021-08-11
298,766512,2021-05-06,glovering89,Ben3L5cQXXqB,Intern,2021-05-06
299,194419,2021-12-05,cjohnke8a,Bzr9ygjh,Intern,2021-12-05
300,512868,2019-08-06,ktrail8b,8v8hKYQjBoZA,Junior,2019-08-06
301,606790,2021-04-10,madlam8c,cfLuOa,Senior,2021-04-10
302,682266,2019-12-08,grundle8d,Gzn9YPpn,Junior,2019-12-08
303,115298,2022-03-20,fduffell8e,thjdrI,Medior,2022-03-20
304,971502,2021-06-30,kpittel8f,Bh7Gfuykjx,Junior,2021-06-30
305,122808,2018-07-01,ldunbleton8g,,Intern,2018-07-01
306,330334,2021-10-19,lgalbreth8h,QLnQ3shws4so,Senior,2021-10-19
307,583569,2022-08-26,pspiring8i,6JG9ZASX,Medior,2022-08-26
308,612971,2020-12-26,edessent8j,boaP02,Medior,2020-12-26
309,838769,2019-10-31,ptayloe8k,5HlD7zB,Senior,2019-10-31
310,441765,2020-08-08,ajoselevitch8l,GtQPJx17KJ,Intern,2020-08-08
311,982085,2022-08-15,mshirer8m,,Medior,2022-08-15
312,169689,2021-05-01,elombard8n,16rcAQQGcx5,Medior,2021-05-01
313,460290,2019-02-12,cfitt8o,vRcz50PdNE,Junior,2019-02-12
314,463364,2021-12-14,ghargraves8p,l3H9RQbShC,Senior,2021-12-14
315,539072,2019-03-12,mchaffey8q,67ykMDbYO4,Medior,2019-03-12
316,830012,2020-09-30,eminihane8r,tjfQ747gLZo,Medior,2020-09-30
317,555656,2019-10-04,mclench8s,tzot6o98,Senior,2019-10-04
318,745219,2021-05-26,rduncombe8t,roWhyL,Intern,2021-05-26
319,660331,2019-06-18,whawick8u,rDqSwJO,Junior,2019-06-18
320,250615,2021-02-11,alampett8v,pafp1PSwV2J,Medior,2021-02-11
321,746933,2018-01-16,tfarthin8w,IMMn5wP,Medior,2018-01-16
322,312913,2019-08-30,rsultana8x,gP5qCgNBWp,Intern,2019-08-30
323,299618,2022-04-07,dblampy8y,RCdDqLx6PjE,Intern,2022-04-07
324,105321,2022-08-09,ncaseborne8z,2qbdwylTH,Junior,2022-08-09
325,832369,2019-12-07,hmansour90,sf3e8PY9r5Pc,Senior,2019-12-07
326,106730,2022-08-28,cduerden91,0WAia3SuC,Senior,2022-08-28
327,822765,2021-04-25,rmariet92,pIMRcyHeqC,Medior,2021-04-25
328,980077,2018-06-29,eantwis93,ZLqMnld7,Intern,2018-06-29
329,653039,2021-10-18,rdrewell94,kQIYZvmtje,Medior,2021-10-18
330,222673,2018-06-28,aargabrite95,GEJXuOmf7S,Senior,2018-06-28
331,891226,2020-02-11,fadamsen96,YnBKSHAmV,Intern,2020-02-11
332,714749,2022-04-26,obynert97,30fgqUN9,Medior,2022-04-26
333,559611,2018-04-17,rdorton98,7HxnhF,Senior,2018-04-17
334,222703,2019-01-25,bwolverson99,nEpAyJ3NI,Intern,2019-01-25
335,699465,2021-03-12,dowain9a,GnZhRBYmvVDc,Intern,2021-03-12
336,159327,2018-05-07,lflieger9b,MT4qDh,Medior,2018-05-07
337,657009,2020-08-10,ferley9c,2CNKCwn,Medior,2020-08-10
338,713330,2018-10-21,rglanz9d,NNI4lFkLg,Medior,2018-10-21
339,776131,2021-11-03,jeggerton9e,qyJvjvmr895l,Intern,2021-11-03
340,480098,2020-06-02,mjoseff9f,0aKQJi,Junior,2020-06-02
341,646745,2020-05-04,bbeiderbeck9g,scB2C7Wi,Intern,2020-05-04
342,213053,2019-01-25,jcleugher9h,NG2GFfwLx,Junior,2019-01-25
343,606282,2022-01-14,rgilmore9i,e8X0Mws55,Senior,2022-01-14
344,635195,2021-04-29,bcleynaert9j,BkhEgsm76,Intern,2021-04-29
345,121423,2018-04-21,fbidmead9k,tuagR2UoW,Intern,2018-04-21
346,211227,2021-07-30,khobbert9l,AvOtTvH,Senior,2021-07-30
347,318612,2018-11-29,anorrie9m,osKRGO,Junior,2018-11-29
348,110412,2021-12-30,mjagielski9n,teTbn7uSZBwb,Medior,2021-12-30
349,897973,2018-11-12,edufray9o,1MRY4PXh1mr3,Junior,2018-11-12
350,383045,2019-05-21,fagus9p,pT35wtqVivd,Medior,2019-05-21
351,242081,2021-03-31,dverecker9q,lGaFBcnCuzm,Senior,2021-03-31
352,802032,2019-04-05,cwarcop9r,3QmumV,Intern,2019-04-05
353,285409,2018-07-14,rroddick9s,IJY77rexvQ8b,Senior,2018-07-14
354,233631,2021-07-05,edoget9t,oLIU5sNqyjGm,Junior,2021-07-05
355,700427,2018-09-26,renden9u,WVoQ31gS,Intern,2018-09-26
356,258754,2020-10-18,jmurrthum9v,qI3AmrtKI,Junior,2020-10-18
357,770474,2022-07-04,bmacconneely9w,rv7QKKHRPTt,Medior,2022-07-04
358,157604,2019-11-22,msloey9x,7By16O,Senior,2019-11-22
359,772624,2019-08-16,gackland9y,B9YoJRHnmKV,Intern,2019-08-16
360,678152,2019-05-24,tnairy9z,qJiIfV,Junior,2019-05-24
361,821617,2020-07-28,ballworthya0,HNBmrGl,Medior,2020-07-28
362,336798,2019-04-18,mspeddinga1,,Medior,2019-04-18
363,211988,2020-11-12,hmerigota2,RK5UrXKYfo2,Medior,2020-11-12
364,806501,2021-01-15,jstrathearna3,6hYfcXUsRm,Medior,2021-01-15
365,497972,2019-04-30,sjallina4,ueSUYkOi4Jg,Senior,2019-04-30
366,212814,2020-09-21,kvobesa5,n0JfTbB,Intern,2020-09-21
367,613993,2018-09-11,cwaggetta6,egDjuOTnv1N,Junior,2018-09-11
368,900106,2021-05-16,molijvea7,Mzt3iQioD,Senior,2021-05-16
369,528240,2020-05-15,esouthcotta8,mug6XhR8jBKy,Intern,2020-05-15
370,909071,2021-06-28,bberniera9,HA8FY6S5p,Senior,2021-06-28
371,652078,2019-06-30,kkoppelaa,,Senior,2019-06-30
372,669641,2021-01-16,eminicoab,5lKiXvP,Senior,2021-01-16
373,230562,2021-10-03,bpigromeac,ZQZuDvA8,Medior,2021-10-03
374,185192,2020-01-02,blohanad,MWpLrcJCQBpx,Medior,2020-01-02
375,497699,2021-12-06,sfinlryae,PhHrta0rq6P,Intern,2021-12-06
376,423597,2022-08-02,mstegglesaf,,Senior,2022-08-02
377,286514,2018-01-19,aniaveag,9Jjse8tBPwRT,Senior,2018-01-19
378,217166,2021-10-26,sgurnayah,cGX4LwL,Medior,2021-10-26
379,203716,2021-10-01,bdominighiai,M4CCaRVz,Intern,2021-10-01
380,960672,2021-05-02,lriddeaj,AWis5u28g,Junior,2021-05-02
381,881991,2021-11-26,oburchardak,,Medior,2021-11-26
382,491937,2018-11-02,nchiplinal,cwCEX2s2M,Intern,2018-11-02
383,207985,2021-09-13,cbasinigazziam,0R32ViC9Nz,Junior,2021-09-13
384,952518,2020-05-08,bfarloean,xsC6syCQaBEP,Junior,2020-05-08
385,830442,2021-06-04,vgoodieao,,Intern,2021-06-04
386,113698,2019-06-02,bkoppap,,Intern,2019-06-02
387,469247,2022-01-29,ebaulchaq,ZQBmCqDw,Junior,2022-01-29
388,325397,2021-08-01,rdullardar,iQ1M6ffsDq,Junior,2021-08-01
389,943429,2021-03-10,mcurbishleyas,0Bt3VRvoCVdX,Medior,2021-03-10
390,232379,2021-04-28,npaulilloat,h5cPJoSbo,Senior,2021-04-28
391,608598,2018-03-12,araddenburyau,2h6nIQ,Intern,2018-03-12
392,365664,2020-12-27,csauratav,zXktaOsvhZzR,Intern,2020-12-27
393,288209,2021-05-03,fdudmeshaw,XuCU0ElvgAnK,Junior,2021-05-03
394,734921,2021-09-28,aeakleyax,XIWpoGUC,Medior,2021-09-28
395,200442,2019-04-20,wfilyashinay,176XtAINE,Senior,2019-04-20
396,900064,2019-02-05,aokennavainaz,GouS4gUk,Medior,2019-02-05
397,739201,2022-05-04,kbrounsellb0,EhQSgg,Junior,2022-05-04
398,448499,2020-11-20,astanmerb1,1j23VjtCEsj,Senior,2020-11-20
399,683481,2020-09-19,bmaccaheeb2,NsfougItHrhy,Medior,2020-09-19
400,781483,2021-09-16,lfawdreyb3,FkU9q7Qjkw5,Intern,2021-09-16
401,747719,2021-09-27,dgolsbyb4,7Az5xnW,Junior,2021-09-27
402,298555,2021-04-15,hleymanb5,4aB2nuszKK,Senior,2021-04-15
403,195567,2021-03-29,hbeverstockb6,vKGdqPfPfE5,Senior,2021-03-29
404,440711,2021-02-11,dremerb7,4oB7wzwo,Senior,2021-02-11
405,644624,2020-01-26,khayb8,,Senior,2020-01-26
406,798052,2021-09-05,hsteenb9,v0Yo6pNGWeX,Intern,2021-09-05
407,792578,2020-03-25,scullingtonba,OUjbVk,Intern,2020-03-25
408,601861,2019-03-07,tdrippsbb,mUfZquv43,Intern,2019-03-07
409,611363,2018-07-24,bberryclothbc,0yTIyn7EQ1,Senior,2018-07-24
410,150890,2018-06-21,bstockybd,R2Yu8z2M,Junior,2018-06-21
411,706606,2021-11-21,pranklingbe,hirokKyYRfU,Junior,2021-11-21
412,329787,2020-04-11,rjeanonbf,dAQia5VPHLkV,Intern,2020-04-11
413,820671,2020-03-08,orendlebg,j1GKJoB6UH,Junior,2020-03-08
414,463100,2020-11-24,wdoumencbh,QdKiNi,Intern,2020-11-24
415,206064,2020-07-21,ejedrzejewiczbi,8Z4vvH2WkT7u,Intern,2020-07-21
416,177321,2021-01-24,rdarbonbj,IFcnBM8kk,Medior,2021-01-24
417,326132,2020-05-28,ischnitterbk,3Jba8NPqvk3B,Senior,2020-05-28
418,283688,2018-04-12,efryebl,02N9YNf8kdA,Intern,2018-04-12
419,237396,2018-02-11,tmargrembm,TdrBscgM,Junior,2018-02-11
420,903156,2019-11-26,bfaulknerbn,4Vhrn0L0Sub8,Medior,2019-11-26
421,434871,2021-02-12,syekelbo,Ub1hS3H,Intern,2021-02-12
422,739630,2018-03-15,dspriginbp,q0dg4SWl,Medior,2018-03-15
423,323317,2019-07-20,cpittendreighbq,wiC1ys7a,Senior,2019-07-20
424,472422,2018-05-17,bcholominbr,OG9ukxA32VsM,Intern,2018-05-17
425,566364,2022-08-13,hboakbs,ssOeu8rbo8Q9,Junior,2022-08-13
426,563444,2020-01-14,nharringbt,TmXucIUDXi,Senior,2020-01-14
427,441071,2020-03-31,tseabonbu,0Vq4jyjA7s5,Senior,2020-03-31
428,373129,2018-05-24,egallawaybv,Xjn9CFqK9vb,Intern,2018-05-24
429,449522,2019-08-27,yosesnanebw,hhbUV4,Medior,2019-08-27
430,805927,2020-07-10,jyessonbx,avNvTQa,Junior,2020-07-10
431,383962,2018-01-25,mstallwoodby,Ro1DDQpSwu,Junior,2018-01-25
432,564872,2020-10-01,jcookebz,NJHFbUa82E,Intern,2020-10-01
433,919363,2021-06-29,lglazzardc0,NhcZa2lf,Senior,2021-06-29
434,711649,2019-06-09,bvysec1,bKflkANoUvTv,Senior,2019-06-09
435,425047,2018-07-04,gbaumlerc2,Ky3efSCpYl4W,Senior,2018-07-04
436,855546,2021-03-31,cabramskyc3,pgfnB4,Senior,2021-03-31
437,311743,2020-05-23,oriddallc4,tUNRmFuYFwNv,Intern,2020-05-23
438,420957,2021-02-26,crolancec5,,Junior,2021-02-26
439,771434,2021-10-27,mscarffec6,5JveLE,Intern,2021-10-27
440,116043,2019-01-25,clangranc7,uk1KjnF,Medior,2019-01-25
441,585206,2021-02-04,cmacaric8,BaGNXkYVdkx,Medior,2021-02-04
442,886385,2020-05-10,bsebrightc9,H8TOEsOUGqww,Intern,2020-05-10
443,963148,2021-11-24,pvassbenderca,d89XPmc,Senior,2021-11-24
444,888889,2020-12-15,dbeuschercb,88QUtPTurhsI,Senior,2020-12-15
445,874604,2018-12-01,dmatthauscc,,Junior,2018-12-01
446,104243,2022-03-16,tbromheadcd,hyJu4nUQOk,Junior,2022-03-16
447,802232,2018-10-03,kpottiece,ewBkG2G,Junior,2018-10-03
448,971847,2019-03-15,hsleathcf,QjVbYmRa,Medior,2019-03-15
449,542696,2021-02-09,lwathencg,8IdbmQb3FvsL,Junior,2021-02-09
450,444429,2021-08-05,astallonch,LdIKEWhHVCm,Intern,2021-08-05
451,197206,2020-06-16,ddhoogeci,fJKFiiMYIGGg,Medior,2020-06-16
452,114178,2021-02-10,mchuggcj,czXMDZHX2,Junior,2021-02-10
453,361239,2021-07-09,dbettlestoneck,k7fP0OkiS,Intern,2021-07-09
454,819903,2019-03-01,rboeckecl,axWNzG4Q2gV,Intern,2019-03-01
455,655806,2021-06-16,kbacklercm,8nEHFYWxZuL,Medior,2021-06-16
456,901582,2018-02-20,jiveaghcn,38ibu4,Senior,2018-02-20
457,557344,2018-01-13,clittledykeco,jWx8SrNoFIcP,Medior,2018-01-13
458,906438,2019-12-11,folyffcp,dgQBhi6Jqg,Senior,2019-12-11
459,644225,2021-03-13,fgablercq,S1TMKKs6WZ,Intern,2021-03-13
460,390310,2021-06-26,cmorrittcr,a5G7s0,Senior,2021-06-26
461,762414,2018-01-01,wcecics,,Junior,2018-01-01
462,395229,2019-09-04,vgrinnikovct,eNSU88Na,Intern,2019-09-04
463,137276,2020-07-12,ggladdifhcu,R8LhgAh,Senior,2020-07-12
464,865807,2019-09-16,mpoorcv,7RFNAV,Senior,2019-09-16
465,695196,2019-11-19,cstorchcw,tdstWTSnPNGU,Intern,2019-11-19
466,713662,2021-04-19,cadriaancx,7RFi6K,Medior,2021-04-19
467,386138,2020-02-28,fscinellicy,9R2tw40II,Medior,2020-02-28
468,542106,2019-01-18,jkristufekcz,UXssnCBkEz,Medior,2019-01-18
469,310034,2021-05-30,aputnamd0,hVP1y9Q810h,Intern,2021-05-30
470,829561,2018-05-01,ksawreyd1,Wkb3noSpQX,Junior,2018-05-01
471,735188,2018-12-26,lgilpilland2,uUpewJav1,Intern,2018-12-26
472,230660,2021-02-07,coxburghd3,GtBh1T,Medior,2021-02-07
473,987652,2018-12-15,gcordayd4,LBY0NrAp,Medior,2018-12-15
474,480474,2021-04-05,apennid5,,Intern,2021-04-05
475,161118,2021-06-27,bbirtled6,RQ46zcqN1H2,Senior,2021-06-27
476,607479,2022-08-02,vnorthoverd7,m8WLzT1,Senior,2022-08-02
477,171841,2021-07-05,lmapstond8,rQ23Zm8q,Junior,2021-07-05
478,416180,2021-07-16,rovendend9,sN1eoRy,Senior,2021-07-16
479,585905,2021-07-25,fhueyda,fGfQTY2cjn0,Intern,2021-07-25
480,921066,2018-05-21,gvanderveldedb,mXY9HEG,Medior,2018-05-21
481,547055,2018-12-06,rsheldrakedc,,Medior,2018-12-06
482,625347,2020-12-07,rhaseleydd,wlMnAayiS7,Medior,2020-12-07
483,994588,2021-01-09,cdrynande,aCvqCl,Senior,2021-01-09
484,912294,2019-04-29,bgodbolddf,,Medior,2019-04-29
485,745785,2021-01-08,sgerrensdg,pAkW492N,Intern,2021-01-08
486,279262,2019-07-24,mrandalldh,Mj3EG8dT,Medior,2019-07-24
487,783685,2021-02-13,eaughtondi,e0mFgj5,Intern,2021-02-13
488,581123,2022-03-04,dcastaniedj,Sv4CsYjx5SX,Junior,2022-03-04
489,158340,2021-03-10,lnewvilldk,Dp7d4kqWfNH,Medior,2021-03-10
490,165968,2020-10-12,gwarsopdl,vVeFFqrcE,Senior,2020-10-12
491,508857,2020-11-17,tashfolddm,OAGYvfk7Tn9j,Junior,2020-11-17
492,902040,2018-03-04,gdomicandn,runD72feHEa4,Senior,2018-03-04
493,626888,2019-08-04,cyvondo,RHrySx,Medior,2019-08-04
494,789304,2021-01-17,ofulksdp,9vCyKs6Ow,Intern,2021-01-17
495,140798,2022-02-16,tmckillopdq,Qid2cpJ,Senior,2022-02-16
496,908125,2020-11-14,cloveittdr,VIcp0n,Medior,2020-11-14
497,182110,2022-05-05,rmattimoeds,DqktuDwsE0,Senior,2022-05-05
498,349657,2019-01-10,mbigriggdt,sIRbwHtJh,Medior,2019-01-10
499,256791,2019-01-26,obarbarydu,vazOFl,Intern,2019-01-26
500,910919,2022-04-30,efloridv,KM7QWCyI,Junior,2022-04-30
501,309052,2021-11-19,qmebiusdw,EqHOKPJYi,Junior,2021-11-19
502,349742,2018-03-31,dbarcadx,gAGiOSkbupW9,Senior,2018-03-31
503,446810,2022-07-16,smatczakdy,zPQLm8o,Intern,2022-07-16
504,319858,2020-07-06,rstainingdz,f6cj2jeh,Senior,2020-07-06
505,281790,2018-04-16,dbrealeye0,z6q8qfG,Senior,2018-04-16
506,648726,2018-10-05,ffrizelle1,VZppUpKoqPP,Medior,2018-10-05
507,270043,2021-12-31,bkleehuhlere2,qO98dNhtzjJr,Senior,2021-12-31
508,385211,2019-06-04,hfitzsimone3,drZfBM,Medior,2019-06-04
509,197533,2019-09-06,kortae4,H238V0Db2AO,Junior,2019-09-06
510,219941,2019-12-22,kwillshawe5,itl7NBPv,Junior,2019-12-22
511,128683,2018-08-09,brounsefelle6,QbtMV4,Medior,2018-08-09
512,954443,2018-01-31,rrickse7,X5sLtvEdrcXM,Intern,2018-01-31
513,178251,2018-12-03,vbeale8,Nihu01Lq9ai,Medior,2018-12-03
514,815283,2018-09-21,tmatelyunase9,AcgDYzjxrC,Junior,2018-09-21
515,819516,2019-09-11,nnormantonea,eCPEQkDk7PX,Intern,2019-09-11
516,554891,2021-07-10,jnewdickeb,YwSs6l4yXSd,Senior,2021-07-10
517,544475,2021-05-22,tadshedeec,LrgO0IUaMQe,Junior,2021-05-22
518,113238,2019-03-07,mfenneyed,rQrhuYuoiGUa,Senior,2019-03-07
519,383646,2018-08-27,wrangleee,51w39BwgrFr,Senior,2018-08-27
520,748504,2019-11-04,jheathwoodef,AxPlzGj28d8,Intern,2019-11-04
521,465385,2018-01-30,jdriffieldeg,lLB3YXsgZK,Junior,2018-01-30
522,377311,2021-06-14,baikenheadeh,817kAVAWtT,Junior,2021-06-14
523,203007,2021-08-03,bbranfordei,ExNugZFc,Senior,2021-08-03
524,724772,2022-01-01,lkistingej,3wvmc4Oo,Intern,2022-01-01
525,282861,2019-08-06,abarthrupek,TBrmnaOuM,Senior,2019-08-06
526,365509,2019-08-17,gimasonel,,Junior,2019-08-17
527,940229,2021-08-14,bkarolyiem,,Medior,2021-08-14
528,407852,2020-09-20,eaharonien,1Q3e9zcFZ,Junior,2020-09-20
529,809924,2021-11-17,blarrawayeo,FrtITMBml,Intern,2021-11-17
530,727715,2020-01-26,hdormonep,hr6ypt4Z,Junior,2020-01-26
531,205517,2020-12-19,rforoeq,N4IIqPGnn,Junior,2020-12-19
532,620731,2022-05-21,mwoolwayer,re82kZN,Intern,2022-05-21
533,233331,2018-07-31,wgyngelles,uXBi178,Senior,2018-07-31
534,547136,2020-08-20,lgodwinet,WNek6x9HEq,Medior,2020-08-20
535,989155,2022-04-13,mstangeleu,YrMxjQT,Medior,2022-04-13
536,181369,2020-09-23,rgillbeyev,fztffbvPY,Senior,2020-09-23
537,198145,2020-06-03,himlenew,Nc9PQMxp,Medior,2020-06-03
538,101305,2022-06-03,lguiseex,XPHQSR4dS,Intern,2022-06-03
539,706216,2021-11-09,jbertsoney,BafajiO,Intern,2021-11-09
540,638650,2019-10-06,vdalyielez,jofty8zeoM,Medior,2019-10-06
541,873469,2021-04-13,esedenf0,9HWLNCor0jc,Intern,2021-04-13
542,115238,2018-07-30,tmowattf1,60l9O3uK,Junior,2018-07-30
543,572447,2020-11-02,mburchillf2,v7A2vb,Junior,2020-11-02
544,177641,2020-01-23,wcastagnetof3,,Senior,2020-01-23
545,237723,2018-07-05,gcharnockf4,o4arnO,Intern,2018-07-05
546,754594,2022-03-10,tsizzeyf5,f27FRNrsPg0r,Medior,2022-03-10
547,689652,2020-02-02,llanferef6,04RLSd,Intern,2020-02-02
548,949851,2019-12-22,flavisf7,H0F8ua,Intern,2019-12-22
549,871366,2019-07-17,nvacherf8,ii7ox5f25Km,Intern,2019-07-17
550,170416,2019-08-02,haynoldf9,cnWJSPr,Senior,2019-08-02
551,808362,2018-03-02,mwhifefa,toXL8cBE7u,Junior,2018-03-02
552,104727,2022-02-05,mquidenhamfb,T2hOrNEn3c,Senior,2022-02-05
553,935602,2020-08-08,hmclaefc,rhOx2PmBZHP,Junior,2020-08-08
554,610352,2020-03-14,avaunfd,kKzgWlDOh,Junior,2020-03-14
555,849924,2020-11-11,ncarruthersfe,PEhrWOcyEzUl,Junior,2020-11-11
556,864557,2019-09-02,csaldlerff,7SKfpxP2x,Junior,2019-09-02
557,228749,2019-07-05,bmuskfg,96iLHRIU,Senior,2019-07-05
558,774178,2020-05-14,cweltonfh,HFeOb1cWvic,Medior,2020-05-14
559,429480,2020-05-14,flummfi,1KioWaUn,Medior,2020-05-14
560,961855,2018-08-02,darlowfj,gZyBB3pISY,Junior,2018-08-02
561,624137,2020-09-24,pvialfk,7LBdDZMVeO,Intern,2020-09-24
562,348380,2019-12-11,kstegellfl,i39DKUr,Intern,2019-12-11
563,129405,2018-03-07,sdraggefm,GUpBpVy,Senior,2018-03-07
564,544593,2021-07-03,aseersfn,,Intern,2021-07-03
565,820908,2020-01-11,rmaccrachenfo,dTTu0g,Senior,2020-01-11
566,371184,2019-01-30,sscreechfp,kEztr18EC2,Junior,2019-01-30
567,808259,2019-12-17,ileydonfq,mcov24,Medior,2019-12-17
568,868859,2018-10-29,chandesfr,F5BEctVJDmN,Junior,2018-10-29
569,447724,2018-05-04,sbaythorpfs,e9UD988SZx6q,Junior,2018-05-04
570,539948,2018-02-12,aivakhinft,OEBarr,Junior,2018-02-12
571,619632,2019-04-29,ybransomfu,bF2zUp,Intern,2019-04-29
572,962976,2019-10-21,ocoarefv,U28PHqLtxx,Senior,2019-10-21
573,225183,2022-08-16,fiannettifw,Gm7972XO,Intern,2022-08-16
574,122209,2021-02-27,medgsonfx,65WbKYIq0,Intern,2021-02-27
575,682096,2019-08-15,drobottomfy,LNlbJ2QT1,Junior,2019-08-15
576,306354,2020-11-14,rduckworthfz,dxuubl1YRL,Junior,2020-11-14
577,296415,2020-06-28,ethysg0,wdMCFp,Intern,2020-06-28
578,225061,2019-06-10,neamerg1,PV2Bwex,Intern,2019-06-10
579,685089,2022-04-23,ikoomarg2,Tjf8c9,Medior,2022-04-23
580,203123,2022-02-15,tginityg3,5ofUZgEU,Junior,2022-02-15
581,297181,2019-05-10,ejeannelg4,,Intern,2019-05-10
582,228473,2019-05-21,mgreetlandg5,GF4EOt,Senior,2019-05-21
583,444009,2018-07-20,ebellowsg6,BO26vA,Senior,2018-07-20
584,558279,2019-05-30,tsydesg7,iF4TdKuAdp,Junior,2019-05-30
585,247037,2019-02-06,mtrottg8,uoEu1mI,Junior,2019-02-06
586,134322,2022-02-19,afontelg9,Vf8m7N,Senior,2022-02-19
587,127019,2019-01-08,braschga,FN20pQW8H,Junior,2019-01-08
588,940920,2020-05-10,cbosdetgb,AofYmxWk,Senior,2020-05-10
589,796260,2020-08-15,pbusekgc,yNIzMb5n,Junior,2020-08-15
590,184116,2020-02-15,dfolbigegd,xRCZs9P0bAEk,Junior,2020-02-15
591,801074,2018-03-11,abensenge,JuTy4moW7,Intern,2018-03-11
592,366159,2021-09-11,freddingtongf,7AHwrW4,Intern,2021-09-11
593,751958,2022-06-08,acallerygg,KQj2ej7q4Z,Intern,2022-06-08
594,846019,2022-06-17,jcolvillgh,A1wfBNFCD2,Medior,2022-06-17
595,663951,2018-05-28,sfowellgi,P7bdpFp8FnFg,Senior,2018-05-28
596,201229,2022-07-01,kstolberggj,xJHm0FYDZ,Medior,2022-07-01
597,132610,2018-01-15,lbedlingtongk,UbNdjryN,Junior,2018-01-15
598,469015,2021-01-11,dmcgorleygl,6TihOdRWUi,Intern,2021-01-11
599,503094,2022-02-27,chornbucklegm,,Junior,2022-02-27
600,593703,2021-08-18,dprobartgn,GLiHFSn3fJk,Junior,2021-08-18
601,593137,2022-01-15,acorckgo,y3xwOncro8H,Medior,2022-01-15
602,790920,2021-11-20,chumpherstongp,kBRrV3nXcW,Intern,2021-11-20
603,842012,2019-08-25,ccamelligq,R2eZGIhdwK,Junior,2019-08-25
604,905334,2021-09-20,cpiertongr,AZeTLFF6b4,Medior,2021-09-20
605,550878,2019-07-04,amabbettgs,wiaoXuQz0El,Senior,2019-07-04
606,213555,2021-03-20,hklimovgt,qerJ1VcyG,Medior,2021-03-20
607,816043,2022-07-05,rjakogu,4dkxpY,Medior,2022-07-05
608,441710,2018-09-22,cllewellengv,dJUBriI,Intern,2018-09-22
609,784549,2022-02-17,drobilliardgw,SlvprEpSv,Senior,2022-02-17
610,195741,2019-05-23,fdurogx,HaZG5AX1YLA2,Junior,2019-05-23
611,739382,2021-10-10,mfluckergy,z1Uzq2,Senior,2021-10-10
612,837246,2018-08-16,ldallywatergz,,Medior,2018-08-16
613,572956,2021-09-17,tsailsh0,mO4LnKwGk5,Intern,2021-09-17
614,463181,2022-04-24,aticeh1,tHmNpsFs2V81,Senior,2022-04-24
615,226795,2020-12-09,ldummiganh2,7N0eLR98C9QK,Medior,2020-12-09
616,122078,2022-08-05,cairesh3,7myY8fepyk,Junior,2022-08-05
617,189079,2021-05-15,hhartmanh4,yJs8ozWM,Medior,2021-05-15
618,874617,2018-01-02,cboikh5,OLIJG0NuzlS,Intern,2018-01-02
619,476973,2018-04-18,vilsonh6,,Intern,2018-04-18
620,963021,2021-10-30,pspreadh7,,Medior,2021-10-30
621,324833,2020-04-30,bbeedonh8,e7VhdROIny,Medior,2020-04-30
622,846566,2020-02-12,acoadh9,z8RpUe,Intern,2020-02-12
623,872125,2019-10-30,psawlha,KWbBtiFu,Junior,2019-10-30
624,782828,2019-09-30,espeirshb,,Intern,2019-09-30
625,740079,2019-04-11,rhobbenhc,iNpxWwcjh,Junior,2019-04-11
626,820227,2022-02-21,hheggeshd,k5505kJpuN,Intern,2022-02-21
627,262972,2021-08-26,esteljeshe,9EmBk4RZL,Senior,2021-08-26
628,527147,2018-03-10,obareheadhf,23LJhUex,Junior,2018-03-10
629,696842,2018-06-10,khoulthamhg,hb7AUZWYKvwa,Intern,2018-06-10
630,780697,2021-04-07,bbridglandhh,EG1kjTM9cKo,Medior,2021-04-07
631,577649,2018-04-23,obuxsyhi,cdbGVLg3,Medior,2018-04-23
632,582240,2020-12-31,hbreretonhj,3YZoohAek,Intern,2020-12-31
633,159524,2021-05-18,bbeattyhk,W0n7u1Rt,Intern,2021-05-18
634,745132,2022-05-02,tmatyjahl,YqJo15P,Junior,2022-05-02
635,205174,2022-02-10,bellesworthehm,84jVMiH9L,Medior,2022-02-10
636,834989,2018-05-22,vsimmonitehn,,Medior,2018-05-22
637,473509,2019-07-23,wmaccafferkyho,DXv55FbFt,Senior,2019-07-23
638,740151,2020-06-14,mdouthwaitehp,B4Q9U9Nc,Senior,2020-06-14
639,541421,2019-12-30,dyellowleeshq,cPlb2L,Senior,2019-12-30
640,539061,2018-11-19,ocrimhr,f1HN3oYLCy,Intern,2018-11-19
641,568473,2019-08-13,bmeritonhs,iYVcdv,Junior,2019-08-13
642,501474,2019-09-30,plouderht,5ca7bXfkW,Junior,2019-09-30
643,869887,2021-06-14,dpurvesshu,i6PzPzUL2i,Senior,2021-06-14
644,465702,2020-02-20,fpasmorehv,UbvtHVZ,Junior,2020-02-20
645,668420,2020-06-12,bknappehw,jq0WTmYIp,Junior,2020-06-12
646,679110,2019-06-28,vmcdonandhx,XAawOx3QJD,Junior,2019-06-28
647,328187,2020-11-26,trevanhy,wK17G3PacB,Senior,2020-11-26
648,156509,2021-08-24,lcastleshz,TYMxZkIWO4p,Junior,2021-08-24
649,790691,2018-02-05,thaughini0,T3VtGmyU8,Medior,2018-02-05
650,765891,2022-06-22,cgoliglyi1,469afp7KU,Junior,2022-06-22
651,412947,2022-07-10,smagennyi2,NSeZXvtijM,Medior,2022-07-10
652,463008,2021-06-09,imaniei3,xL6GdiIur,Medior,2021-06-09
653,139904,2020-10-20,fdavidi4,UcPCTJ1duR,Medior,2020-10-20
654,746268,2022-04-02,dhacquoili5,MEEjx5cSP,Intern,2022-04-02
655,162619,2019-02-19,fdeortegai6,hUwxZFU,Medior,2019-02-19
656,590704,2019-06-23,lschimkei7,vwZxld4UnWrz,Medior,2019-06-23
657,683069,2022-08-02,dmedgewicki8,j8Oo3VK,Senior,2022-08-02
658,847689,2018-01-20,ecardenozai9,qbAifEEtk,Senior,2018-01-20
659,313773,2020-01-09,ldobrovolskiia,oobUkSPAKw,Senior,2020-01-09
660,573413,2018-07-03,clorencib,uUeLnUNGNIl6,Senior,2018-07-03
661,338956,2019-04-06,iknowlleric,cGjTnPQ,Intern,2019-04-06
662,767084,2019-09-07,dhritzkoid,fAJYdQIZE,Medior,2019-09-07
663,643039,2020-11-08,ktupieie,xZuuHg2,Medior,2020-11-08
664,474851,2021-05-13,ayukhnevichif,L061ls,Intern,2021-05-13
665,282817,2021-09-22,zbishoppig,aUjJ5mdRE8,Medior,2021-09-22
666,497014,2020-10-14,dworrellih,6tbm3j,Junior,2020-10-14
667,235623,2019-04-13,bparkesii,8tLuljPj,Medior,2019-04-13
668,885802,2019-10-19,dgerardeauxij,UeorRYC,Intern,2019-10-19
669,471209,2021-01-03,wrosternik,BINFVIo,Intern,2021-01-03
670,465500,2020-07-08,thanafordil,QeY0WVNJBM,Intern,2020-07-08
671,690544,2020-01-02,selldredim,ZD1KaKz4qu,Medior,2020-01-02
672,539678,2020-07-04,lbasindalein,ac3uefT8YdK,Intern,2020-07-04
673,210055,2021-07-15,zberzenio,8jshItq,Intern,2021-07-15
674,127818,2019-02-15,bchastanetip,P43k9Cn,Medior,2019-02-15
675,460053,2019-08-25,dcameliniq,XbJofrtHt,Intern,2019-08-25
676,701194,2018-11-01,acatoir,c7J0IBSSn,Senior,2018-11-01
677,379082,2018-08-06,lsavinis,,Intern,2018-08-06
678,416806,2020-05-23,ebogeyit,UyLuF28VZZC8,Senior,2020-05-23
679,674475,2021-01-14,ntanswelliu,WioR1t,Senior,2021-01-14
680,522743,2021-07-13,dpriskiv,qsQlzj,Senior,2021-07-13
681,477534,2018-06-13,nartissiw,,Junior,2018-06-13
682,440944,2018-08-05,asmithermanix,5q3p6n,Intern,2018-08-05
683,258065,2020-12-11,eredbourniy,4Gy9FM,Intern,2020-12-11
684,466984,2020-09-16,amcglaughniz,4yv3x2qE6r,Medior,2020-09-16
685,234687,2021-10-16,troylancej0,cP9nOl,Senior,2021-10-16
686,490020,2021-08-06,adwanej1,9bVfpy,Intern,2021-08-06
687,792429,2022-07-18,hdumphyj2,3t1Yshxj6,Intern,2022-07-18
688,667908,2021-10-11,rtunstallj3,dWp8guWxGbil,Senior,2021-10-11
689,715535,2022-02-07,woldacresj4,nz63SEQt1aw8,Medior,2022-02-07
690,971180,2020-12-16,efretsonj5,nkoGj4mA3,Intern,2020-12-16
691,906244,2018-09-16,dshonej6,,Intern,2018-09-16
692,923832,2019-05-17,cpowderj7,cKddJUel,Senior,2019-05-17
693,703611,2021-09-05,rcarvilj8,iHBxhNddb,Intern,2021-09-05
694,712062,2018-01-07,ebawlesj9,cTbEIF9BZ8,Medior,2018-01-07
695,165363,2021-01-18,tblazdellja,LeChGu025D,Medior,2021-01-18
696,481165,2018-05-11,smeryettjb,wfjKcvxQMDr,Senior,2018-05-11
697,214360,2021-11-08,msansomejc,Hn8a44hf,Senior,2021-11-08
698,819454,2022-08-17,rmacdirmidjd,J7UINmtMZ,Medior,2022-08-17
699,714871,2021-03-23,gfeldsteinje,IVQc6jLP4x5J,Medior,2021-03-23
700,176697,2020-05-21,lmoraleejf,n1ibmgOAb4,Senior,2020-05-21
701,977769,2019-10-23,kgaugejg,nHF5iJV,Junior,2019-10-23
702,821159,2018-10-19,ssussamsjh,w9kMbatoPTLN,Junior,2018-10-19
703,126560,2021-06-10,tlashfordji,QrtLfLF,Senior,2021-06-10
704,376824,2019-04-04,cgrishankovjj,nY8bZOIFw6M,Medior,2019-04-04
705,796892,2021-06-17,sbussettijk,GZkLNR8yJOe,Senior,2021-06-17
706,390257,2021-02-13,vblodgettsjl,UOda2TpeKki,Intern,2021-02-13
707,770940,2020-03-07,gblantjm,fSpu21Klicre,Senior,2020-03-07
708,121336,2020-07-12,jfoshjn,8DBIlaVvawf,Junior,2020-07-12
709,629600,2019-08-29,pcartmelljo,Wh9mfp,Junior,2019-08-29
710,782482,2020-10-29,cdearlovejp,0InYvNBh,Junior,2020-10-29
711,184067,2022-03-09,ohuwsjq,,Senior,2022-03-09
712,983842,2020-11-02,mfranzeljr,bBPP9TxV,Senior,2020-11-02
713,129436,2020-09-17,cmonseyjs,Usk5CMg8,Medior,2020-09-17
714,917320,2018-10-08,qmacfadyenjt,ADwqKItW,Medior,2018-10-08
715,284763,2019-07-11,ckeddieju,dultvuWy,Junior,2019-07-11
716,265306,2018-09-10,aswyndleyjv,bJKiqgqV,Junior,2018-09-10
717,853510,2019-08-02,swhittonjw,CMauAtWCE,Senior,2019-08-02
718,874120,2020-11-03,mlelandejx,pmEbDp,Medior,2020-11-03
719,878316,2018-04-16,kdumberrilljy,Io7jXiarg,Senior,2018-04-16
720,726395,2021-03-13,dkollasjz,689n7Rea6,Medior,2021-03-13
721,635365,2020-12-16,npepik0,qNIqZ7LIan,Junior,2020-12-16
722,329165,2020-08-14,lwaynek1,,Intern,2020-08-14
723,532699,2018-03-28,hdorrk2,0Ng43T,Senior,2018-03-28
724,233125,2022-04-03,cplewsk3,QrZXJwxqk1Rs,Intern,2022-04-03
725,105595,2021-11-08,dcarillok4,kYdfPGGCYb1,Medior,2021-11-08
726,311711,2019-05-09,mbaylessk5,KgfnXv,Junior,2019-05-09
727,294190,2019-11-14,jfaichniek6,Or5wdfvFvi,Junior,2019-11-14
728,435205,2020-11-05,enoursek7,QjZNlE,Junior,2020-11-05
729,724333,2018-03-01,rmcavincheyk8,OnHnbA,Medior,2018-03-01
730,130834,2021-04-02,cshippardk9,AtidPKtmT,Intern,2021-04-02
731,396865,2022-07-17,wcheckettska,7UymEz,Intern,2022-07-17
732,728494,2020-03-01,abrydekb,,Senior,2020-03-01
733,254416,2020-07-05,smillekc,Cz0knGAm1Fj,Medior,2020-07-05
734,536205,2019-08-12,ltoppinkd,QhXF1AuI,Junior,2019-08-12
735,961257,2021-10-15,frudolphke,GDhwCJwAnSz,Junior,2021-10-15
736,727364,2020-06-12,cmcgennkf,FcIe9c0s,Senior,2020-06-12
737,200301,2018-03-02,rpontekg,vDbGEtLl2gfg,Intern,2018-03-02
738,115525,2020-12-16,nuddenkh,rIpLVH,Medior,2020-12-16
739,352649,2022-02-28,cartuski,OcknQn8DA,Senior,2022-02-28
740,983001,2022-05-09,nhitscherkj,ADYmGZh7,Senior,2022-05-09
741,243088,2020-05-06,cdonisokk,W4xCTYqNrOpl,Senior,2020-05-06
742,183104,2020-12-22,ddiehnkl,BqEgRUL9,Junior,2020-12-22
743,570902,2021-11-03,mallderkm,Ubw1HO7OK,Intern,2021-11-03
744,187597,2022-02-23,dmillkn,uSaaVdHBbP5N,Intern,2022-02-23
745,225956,2021-12-12,ianthonsenko,MwQMyxh,Intern,2021-12-12
746,596525,2022-01-07,dprowsekp,n4pBuV,Intern,2022-01-07
747,993044,2018-06-05,bcornillikq,tC7mJ0T,Junior,2018-06-05
748,514935,2020-12-29,ksorkr,8qUIyc6f,Intern,2020-12-29
749,855069,2022-07-15,brubkeks,emctbN8CXUiB,Junior,2022-07-15
750,737153,2018-07-22,mlarrowaykt,R3nrRgOl,Intern,2018-07-22
751,373447,2019-09-23,aolenaneku,zAa7W5Bdd,Senior,2019-09-23
752,149348,2022-07-26,mbucktharpkv,IHNLtI9,Senior,2022-07-26
753,111747,2022-01-13,pgambrellkw,FJ1D4d3y8,Senior,2022-01-13
754,517025,2019-01-19,amucklestonekx,mXjojo,Intern,2019-01-19
755,240772,2018-08-16,thumphrysky,Ywt5cKLKewYs,Medior,2018-08-16
756,203168,2018-03-04,lnellkz,Bpa03RMDJ,Medior,2018-03-04
757,324706,2018-05-27,glefortl0,,Junior,2018-05-27
758,121731,2021-04-08,bbeaversl1,mi5yJqOD4,Medior,2021-04-08
759,496392,2021-04-14,dklammanl2,OiGKIeb,Junior,2021-04-14
760,728948,2018-01-19,hcowtherdl3,DHvGtUuH,Senior,2018-01-19
761,113218,2020-08-02,sdabnotl4,O2uVTiJ,Junior,2020-08-02
762,716001,2018-10-20,dkeenl5,7GmXm0jF,Medior,2018-10-20
763,519375,2018-10-19,gfreezerl6,fffSV8T,Senior,2018-10-19
764,164892,2021-11-09,rgamblinl7,,Medior,2021-11-09
765,652796,2022-03-11,dmadlel8,jeEUmGRRL,Intern,2022-03-11
766,845409,2018-05-29,mgyppsl9,,Medior,2018-05-29
767,866398,2019-05-16,sdarridonla,WkHWMU1,Intern,2019-05-16
768,450167,2018-04-30,tdaubylb,iMqiDNR0,Medior,2018-04-30
769,157113,2018-01-27,vbarocklc,W3U0wBQ4,Junior,2018-01-27
770,328829,2019-06-29,wcosbyld,Xo4TOORH,Senior,2019-06-29
771,265608,2021-01-10,mgeekiele,M8YltPxj0Sh,Senior,2021-01-10
772,581844,2018-10-17,bcrecylf,Bsw9nAU,Medior,2018-10-17
773,207068,2018-07-23,cwelshlg,oL2CBwFFr,Medior,2018-07-23
774,975315,2021-09-02,etoplinglh,g9N3LuUwo,Intern,2021-09-02
775,496270,2019-02-03,barmandli,jVqmY8sUK,Senior,2019-02-03
776,224975,2020-07-05,lsweetzerlj,unu72E,Junior,2020-07-05
777,499199,2018-10-24,rrollandlk,8fIVrB49XehJ,Junior,2018-10-24
778,780710,2022-05-21,mcrosoerll,KqKjuesPgp,Junior,2022-05-21
779,459945,2018-10-09,hexrollm,Psc5fv1,Junior,2018-10-09
780,867727,2022-01-19,bpoyleln,G4n3YGi,Intern,2022-01-19
781,647843,2020-10-10,eparsandlo,QAC5ppf,Medior,2020-10-10
782,783177,2021-12-27,korteauxlp,HwoGVJfJGoMp,Junior,2021-12-27
783,206028,2021-08-09,ttwinberrowlq,KU4ps5NBedwy,Intern,2021-08-09
784,716691,2021-10-29,sbrafertonlr,ebpTsCI,Medior,2021-10-29
785,654616,2022-04-26,ekilgrewls,Hqs13F3THXWd,Medior,2022-04-26
786,172810,2018-06-13,pfalcolt,EKKFbQ,Senior,2018-06-13
787,720977,2018-08-22,amoulsonlu,6MZg2EAV,Medior,2018-08-22
788,909126,2020-08-13,crothmanlv,ZZXJxXcDxc,Junior,2020-08-13
789,486875,2020-10-01,tmattiolilw,BEDHmPqTSbu,Intern,2020-10-01
790,973751,2019-04-26,kwebberlx,39Hz8pECV3Rz,Senior,2019-04-26
791,966626,2018-12-05,blewtonly,Sx4M5yfj1t,Senior,2018-12-05
792,843620,2018-01-01,dcotthamlz,,Senior,2018-01-01
793,996038,2018-07-02,tthreadgouldm0,G3GEqLN,Junior,2018-07-02
794,291854,2019-03-23,acolbrunm1,nmMPunUY32,Senior,2019-03-23
795,909285,2018-08-30,phardacrem2,0INoHiWsp,Senior,2018-08-30
796,576785,2021-09-04,hfahrenbachm3,jjwuodfe2p,Junior,2021-09-04
797,300245,2018-01-18,hcarneckm4,8bR2z0nyI2,Junior,2018-01-18
798,192580,2018-08-17,amadlem5,pgvG6il,Medior,2018-08-17
799,475157,2022-07-18,rwattonm6,uTnUmrCxe,Senior,2022-07-18
800,426398,2020-10-19,rlonghim7,4OVSxLUGiJ,Medior,2020-10-19
801,684336,2022-01-25,bfittm8,3bBgjeiY2,Medior,2022-01-25
802,704382,2020-02-03,gmcgaugiem9,,Junior,2020-02-03
803,715103,2021-11-27,ecrabbma,7CajcSTOM,Senior,2021-11-27
804,742419,2018-11-11,jhuebnermb,qlKSPuN6V,Senior,2018-11-11
805,557169,2018-12-19,gburkinmc,ZKxaCw,Medior,2018-12-19
806,493300,2021-03-14,mrobisonmd,8IqpgH,Junior,2021-03-14
807,141740,2019-10-07,sjicklesme,gy0tSPVa6o95,Junior,2019-10-07
808,684408,2019-01-21,bdisdelmf,OPm5nu58rcY,Intern,2019-01-21
809,420823,2020-02-08,mlehrmannmg,GgwyYO,Medior,2020-02-08
810,749261,2021-01-06,ngianninimh,AaW3TV,Intern,2021-01-06
811,505941,2021-04-27,xhinzemi,vYcHOiQJwZ,Junior,2021-04-27
812,539793,2018-11-05,gkembermj,2kGPHKu,Senior,2018-11-05
813,488116,2020-08-23,groddellmk,S4bq8u7R,Intern,2020-08-23
814,834043,2022-05-16,vgirardoniml,CVKbxF6gnA,Senior,2022-05-16
815,998935,2022-02-23,bbrokenshiremm,quBv8yVjbpN,Senior,2022-02-23
816,920894,2019-02-16,sgoodlattmn,V5VEJW,Senior,2019-02-16
817,978413,2020-07-24,bivashinnikovmo,,Intern,2020-07-24
818,182067,2021-02-22,cguerreaump,Uk4HkJtZj,Intern,2021-02-22
819,124723,2021-03-19,mmessammq,FonCIMhzz,Intern,2021-03-19
820,238095,2022-06-29,dbrahmmr,wq7OnDdqqPp,Intern,2022-06-29
821,231620,2020-10-18,rvermams,5MZ1Us79,Medior,2020-10-18
822,134122,2021-03-21,thallmt,EwrDOEAQ,Medior,2021-03-21
823,401165,2022-05-24,dbestemu,DuE3xDHg,Medior,2022-05-24
824,430566,2021-07-31,ccrookshanksmv,ZxvX0rh,Medior,2021-07-31
825,348322,2021-02-13,fironmongermw,VBUaTxK60,Senior,2021-02-13
826,514163,2019-10-07,dedworthymx,CUUEO9O8Ta,Senior,2019-10-07
827,122250,2021-04-13,kcunniammy,bR0KjTGATP,Senior,2021-04-13
828,394716,2018-10-16,lmollenmz,ajeRo8piGB1,Medior,2018-10-16
829,650012,2020-09-12,gboldingn0,nFrjZdfvOwjq,Intern,2020-09-12
830,429821,2022-03-05,rbownesn1,BRRcFld,Senior,2022-03-05
831,959136,2018-03-21,gchallinn2,3vI9sv21PaL,Medior,2018-03-21
832,248978,2022-05-06,tjeckelln3,Ku5oxrUn4,Medior,2022-05-06
833,781708,2022-02-25,hklimentovn4,,Junior,2022-02-25
834,926402,2018-08-14,rhonschn5,smJCwS,Senior,2018-08-14
835,401527,2018-03-26,acardenasn6,i8Nmr7IR,Medior,2018-03-26
836,507408,2020-07-26,kwallacen7,,Intern,2020-07-26
837,770211,2021-03-15,krainonn8,,Junior,2021-03-15
838,661812,2020-10-20,kshelbournen9,gE4rNl3,Medior,2020-10-20
839,686740,2020-10-05,cgilksna,LPfDCKkJ,Intern,2020-10-05
840,672384,2019-03-03,fcarsbergnb,pYAPDQZn8,Junior,2019-03-03
841,245927,2020-09-14,dhealksnc,3omGyh7LJ,Medior,2020-09-14
842,849167,2019-05-18,gwithefordnd,lkL7MfKb,Senior,2019-05-18
843,966981,2019-09-18,lsquibbsne,QjLKZbsh,Senior,2019-09-18
844,695367,2021-04-26,jscranenf,i3c5X6hSIWe,Senior,2021-04-26
845,131255,2021-07-07,vmarplesng,26l6eI40,Intern,2021-07-07
846,805311,2019-10-29,kgormannh,jmt06EtX0W2i,Intern,2019-10-29
847,849906,2022-05-05,mspurlingni,iIlv1p7TV,Intern,2022-05-05
848,196789,2018-06-29,ringlesentnj,FhezHikoJ,Senior,2018-06-29
849,342295,2018-03-16,gmellynk,1QD27tN,Junior,2018-03-16
850,748227,2022-06-13,hduchatelnl,0HF9CkO,Intern,2022-06-13
851,355287,2021-01-14,ksplevingnm,,Junior,2021-01-14
852,287621,2022-06-21,cszapironn,b6duDAmWyT,Medior,2022-06-21
853,885023,2018-02-06,rjeannaudno,sjHKt9,Medior,2018-02-06
854,954980,2022-01-04,tboissiernp,,Senior,2022-01-04
855,900252,2022-01-14,bmcconnachienq,YsMtq0kEiTU,Junior,2022-01-14
856,459408,2019-11-28,fjephsonnr,5fb82zuB,Intern,2019-11-28
857,416308,2020-08-15,nhurlstonns,V5DHLx,Junior,2020-08-15
858,805657,2018-04-21,npitrollont,xrnh819Srh,Medior,2018-04-21
859,558433,2019-08-08,ebagwellnu,A6I7d9grdyU,Junior,2019-08-08
860,151761,2018-09-29,mcicconettiinv,,Medior,2018-09-29
861,556798,2018-12-10,mtotmannw,,Senior,2018-12-10
862,485361,2018-10-28,nreanx,1016aH,Senior,2018-10-28
863,490382,2022-06-28,hnorresny,gSFtbEHz,Medior,2022-06-28
864,355634,2020-05-18,pfulfordnz,rgGMM2,Senior,2020-05-18
865,931921,2021-04-18,edignallo0,WfQsEGMykAO,Medior,2021-04-18
866,299788,2022-04-15,tsonnenscheino1,1AqcAFkBALM,Intern,2022-04-15
867,781866,2022-01-12,asturteo2,BnrUXfOYGra4,Senior,2022-01-12
868,809028,2020-04-23,xpedrio3,mHcMjDVPWD6l,Junior,2020-04-23
869,490197,2019-08-27,thousecrofto4,P0x1Ki,Senior,2019-08-27
870,467294,2022-04-02,ddevennieo5,w3EetSsP,Intern,2022-04-02
871,865416,2020-01-27,bbenezeito6,GgVRgHhj,Junior,2020-01-27
872,815806,2021-06-19,ewalkero7,O4d1DR2Ds5X,Junior,2021-06-19
873,739612,2022-05-17,tmclukieo8,qv6H3z6AOE3U,Senior,2022-05-17
874,421598,2020-10-05,gchrishopo9,ST9Ak6boN,Junior,2020-10-05
875,418861,2020-10-19,mcorrieoa,0NKEtDzXg,Junior,2020-10-19
876,566624,2022-01-12,pphetteob,,Medior,2022-01-12
877,452874,2020-07-27,jmauriceoc,JjwxLrP6pw,Medior,2020-07-27
878,615147,2019-08-11,jbroadistod,eqiB60F,Intern,2019-08-11
879,896040,2021-11-10,mkyntonoe,LHyCiOzoMG,Junior,2021-11-10
880,498104,2022-03-11,eantonucciof,Qt1Rt1vBMoD,Intern,2022-03-11
881,669531,2019-10-08,sbeaconog,mmPDEbwgq,Intern,2019-10-08
882,166701,2019-08-30,ufearneyoh,UghFWcHr0,Junior,2019-08-30
883,203440,2018-03-08,mdedneyoi,7eavLY8ODTBc,Medior,2018-03-08
884,120516,2018-04-30,vbertrandoj,pkmQZ6qOoM,Intern,2018-04-30
885,517228,2022-07-06,tbrouwerok,wMFbFwNRER,Senior,2022-07-06
886,627714,2020-11-07,dwalworthol,oyaVJhpL,Medior,2020-11-07
887,776944,2019-10-02,gmcorkillom,PhejAue,Junior,2019-10-02
888,568678,2019-03-02,nhumbeeon,TN7tPLT0,Junior,2019-03-02
889,533294,2019-04-06,edominooo,SYH93ClzvEt3,Intern,2019-04-06
890,665885,2021-12-28,btraslerop,SZtnpGjcsRbL,Intern,2021-12-28
891,359540,2021-06-05,sdalloq,7OScgo,Junior,2021-06-05
892,192216,2022-06-12,mreginaor,VNuLoNAtktn2,Intern,2022-06-12
893,450257,2019-09-03,bbulfordos,7IXS6vg,Intern,2019-09-03
894,766293,2018-10-27,dtolchardeot,JueOz4Z,Intern,2018-10-27
895,977538,2019-04-10,agrinvalou,0PqoUD,Medior,2019-04-10
896,764741,2019-01-02,ahembrowov,6i49xVIAv,Senior,2019-01-02
897,972942,2020-05-20,jolesenow,7wNBVr9sF,Medior,2020-05-20
898,876407,2022-02-06,kmerrellox,XZgnCtx4O,Intern,2022-02-06
899,378972,2022-07-04,ahenkmannoy,APPeiNjU6IOg,Medior,2022-07-04
900,877951,2021-02-28,lladburyoz,buE9gffY,Intern,2021-02-28
901,406950,2018-11-28,mbaudouxp0,8uGubVb5SmcL,Intern,2018-11-28
902,433237,2022-06-28,kcarnamanp1,UlQIfv5,Medior,2022-06-28
903,415447,2018-08-17,fcogdonp2,DFZGZBeU,Junior,2018-08-17
904,615197,2020-07-14,webornp3,MUGVUGtf,Senior,2020-07-14
905,171310,2019-08-18,tdicksp4,NyN3ZMS8Nl1Q,Medior,2019-08-18
906,731881,2020-12-05,rpauloup5,WycR0H5,Senior,2020-12-05
907,371306,2021-01-12,pmyrickp6,UvnT9ypYS5We,Senior,2021-01-12
908,979097,2021-07-15,oleaderp7,L5XGkfhZahGP,Medior,2021-07-15
909,900636,2019-05-17,cbroadwayp8,mv4xLIzMd,Senior,2019-05-17
910,949520,2018-11-16,gwolfartp9,AZyifcg1X5,Junior,2018-11-16
911,836577,2020-02-05,bmillgatepa,z9U5ZgZiC,Junior,2020-02-05
912,998883,2020-01-03,vrenniepb,Y0MEf8,Medior,2020-01-03
913,742177,2018-12-17,cpeddenpc,iGbnqGQ,Intern,2018-12-17
914,184612,2020-04-04,ccleverleypd,wAZyXJON,Senior,2020-04-04
915,691737,2020-08-27,mmcdavittpe,732c7EOjs7,Junior,2020-08-27
916,364157,2021-05-21,ateshpf,5qwB7CNgn,Junior,2021-05-21
917,105194,2020-10-19,rdelaceypg,dV0y64,Senior,2020-10-19
918,125785,2019-01-05,hpennoneph,,Senior,2019-01-05
919,319027,2022-06-27,cgivenpi,TN7qR6I8T2y,Senior,2022-06-27
920,524480,2021-12-26,dcuerpj,CTK7PZ,Junior,2021-12-26
921,603281,2020-06-24,loliverapk,vajk9bbFh,Intern,2020-06-24
922,239915,2021-06-04,wreddellpl,cgWXsPONw,Medior,2021-06-04
923,240804,2022-04-07,dkallpm,WHmASEDgk,Intern,2022-04-07
924,111741,2021-09-19,aflettpn,LfcwmgO,Junior,2021-09-19
925,394353,2018-01-16,rbraddenpo,hRuZ8f5,Junior,2018-01-16
926,420148,2019-09-04,gbarnabypp,z1TkccP,Medior,2019-09-04
927,214017,2020-01-31,jgearepq,,Intern,2020-01-31
928,374496,2019-07-13,vcatherallpr,Xd0YdN7Zo9UW,Junior,2019-07-13
929,681596,2020-05-05,wcantops,8efs6nGB,Senior,2020-05-05
930,628290,2020-08-23,smunghampt,ic4XAarh6k,Intern,2020-08-23
931,914718,2019-06-24,ihubboldpu,LDcP1o,Junior,2019-06-24
932,410572,2021-05-01,lbusfieldpv,raYCmhWlvBK,Junior,2021-05-01
933,866421,2021-02-26,jsavegepw,0izCX0,Junior,2021-02-26
934,848324,2020-02-08,rwaplespx,ePrg23,Junior,2020-02-08
935,219536,2022-07-02,jstellinopy,7dSIGYcaf,Senior,2022-07-02
936,503862,2022-04-08,zcastillapz,oPFUoLUY,Medior,2022-04-08
937,248026,2020-09-13,afeavyourq0,LNbrSPICqxU7,Intern,2020-09-13
938,423978,2018-07-18,ctuveyq1,tNFhm5o,Intern,2018-07-18
939,924566,2018-11-02,gheindleq2,3c7ybdI,Junior,2018-11-02
940,833432,2021-12-27,gthomessonq3,cwEaazF,Senior,2021-12-27
941,511847,2018-01-21,kidillq4,lS5yIakE9IkR,Medior,2018-01-21
942,182555,2021-10-19,sgrishankovq5,IJIoAvGxB46,Intern,2021-10-19
943,395609,2018-09-21,mtitmanq6,QwnC1u,Senior,2018-09-21
944,604954,2019-11-12,gbroggioq7,fIPmFCEESk0S,Medior,2019-11-12
945,664173,2020-05-28,ddaftq8,gc3DkozUKZjU,Medior,2020-05-28
946,271948,2021-05-02,bsnoddyq9,tlcuNhyBT,Medior,2021-05-02
947,158029,2020-09-30,dhollingbyqa,2z97r65lGn,Medior,2020-09-30
948,708619,2022-04-26,mrablanqb,XTa0Rg,Medior,2022-04-26
949,150357,2021-10-09,gbowichqc,A7S4ESqF4B,Medior,2021-10-09
950,687792,2019-10-20,bwollersqd,fRREaab8Y9,Intern,2019-10-20
951,506923,2022-08-22,nfontelqe,T95qr0G,Intern,2022-08-22
952,545487,2019-08-03,twhewillqf,h8po4FKMF,Junior,2019-08-03
953,296143,2020-04-18,iburwoodqg,us0ntgm8vn,Senior,2020-04-18
954,368457,2021-11-11,jalkerqh,G0propasB,Medior,2021-11-11
955,302365,2022-07-07,kswedeqi,pfpFy2oW9,Junior,2022-07-07
956,506066,2021-08-02,bchitteyqj,Jp8GiQRrca,Junior,2021-08-02
957,661202,2019-09-14,thendonsonqk,mg7BYuGDWi,Intern,2019-09-14
958,682468,2020-11-16,rdemongeql,,Intern,2020-11-16
959,984018,2018-07-01,ggroddenqm,Gg4d6go6VZCa,Junior,2018-07-01
960,767288,2020-04-15,eshippeyqn,QOBsYSh,Junior,2020-04-15
961,238650,2020-11-23,rdizlieqo,3XDFbw,Junior,2020-11-23
962,762083,2022-06-12,rheakeqp,eIx9gthaC,Intern,2022-06-12
963,109764,2020-06-26,wleftlyqq,14RsUBrQic0R,Medior,2020-06-26
964,506622,2021-02-25,jschoenleiterqr,2Y1NmaZ,Junior,2021-02-25
965,526317,2021-08-26,usterteqs,1VskMIPaR,Junior,2021-08-26
966,674346,2020-02-13,cboutsqt,ROf9sBGVubRU,Senior,2020-02-13
967,922890,2021-12-27,obeamesqu,KP80Dg,Senior,2021-12-27
968,330501,2022-08-07,kbasantqv,34lnKktu0uCL,Senior,2022-08-07
969,788213,2018-09-08,ibosquetqw,scY5Sjz4O,Medior,2018-09-08
970,720186,2019-12-06,sabbateqx,,Intern,2019-12-06
971,247234,2021-10-27,nplampeynqy,H6NNkcoqMu,Junior,2021-10-27
972,162323,2019-10-02,chowsinqz,VlIoJ3D,Medior,2019-10-02
973,183994,2021-07-12,ntomeor0,29skDx,Intern,2021-07-12
974,440750,2018-09-13,mlodor1,6gE6XH,Medior,2018-09-13
975,481981,2022-06-03,epetrellir2,,Senior,2022-06-03
976,247945,2018-02-15,sgentr3,GigtuPtESiCR,Medior,2018-02-15
977,937729,2021-10-25,bkirrager4,UNlt475QVoJ,Junior,2021-10-25
978,420827,2022-08-18,twoodhouser5,FfJfdf,Medior,2022-08-18
979,585207,2018-10-11,dcruftsr6,GfPwTrMn,Intern,2018-10-11
980,328251,2020-07-28,skinghr7,Mt0PmHz,Intern,2020-07-28
981,885129,2019-06-27,fmedmorer8,gwsz7Yh,Senior,2019-06-27
982,428544,2020-04-02,aamysr9,kBYeLe0,Intern,2020-04-02
983,764769,2021-09-11,hstatera,Uqn3zX6,Intern,2021-09-11
984,463521,2022-02-13,cmataninrb,,Intern,2022-02-13
985,903723,2022-01-07,orotgerc,4rCwgJFGjZJ,Junior,2022-01-07
986,457459,2018-03-31,aodroughtrd,a1IzW2l1,Medior,2018-03-31
987,283428,2021-02-05,hfalckre,bP75tRQCARp,Medior,2021-02-05
988,622269,2019-12-17,cyearnrf,U6GpvNAQd,Medior,2019-12-17
989,300051,2020-06-13,mronaghanrg,UsZGe0qCAy,Junior,2020-06-13
990,757612,2021-07-31,edemeridarh,tG076V4tdMe,Medior,2021-07-31
991,270153,2018-09-22,pchowneri,Un8xG1mIYZ5,Senior,2018-09-22
992,414004,2018-07-25,pmarnsrj,h5wX0rHa,Medior,2018-07-25
993,596880,2022-05-09,llongworthyrk,xuLdkIFyDZws,Medior,2022-05-09
994,406455,2018-03-28,astrangerrl,mhvu2w6x,Medior,2018-03-28
995,394779,2018-03-25,omaherrm,UrtKuhjCu4MX,Junior,2018-03-25
996,637931,2019-10-08,hpleveyrn,l2bjFrzl,Senior,2019-10-08
997,295865,2019-02-25,dburnsallro,PX8Km3S0A8N,Senior,2019-02-25
998,270074,2020-04-02,fziemsrp,DeLa4Wo0wWd,Senior,2020-04-02
999,517924,2018-01-04,jfirlerq,mqKMmnEpccG,Junior,2018-01-04
1000,331563,2020-12-28,ablizardrr,hCRZSnkA,Junior,2020-12-28
